{"name":"2a57909b-f728-4ea3-a766-34790a83364f","id":"/providers/Microsoft.Flow/flows/2a57909b-f728-4ea3-a766-34790a83364f","type":"Microsoft.Flow/flows","properties":{"apiId":"/providers/Microsoft.PowerApps/apis/shared_logicflows","displayName":"Mail to online excel","definition":{"metadata":{"workflowEntityId":null,"processAdvisorMetadata":null,"flowclientsuspensionreason":"None","flowclientsuspensiontime":null,"creator":{"id":"46175e5c-e825-4b5a-90b9-4502117a5cc9","type":"User","tenantId":"84ce76b3-c96b-4b35-a8fb-104597803d8b"},"provisioningMethod":"FromDefinition","failureAlertSubscription":true,"clientLastModifiedTime":"2022-07-10T11:21:21.7407163Z"},"$schema":"https://schema.management.azure.com/providers/Microsoft.Logic/schemas/2016-06-01/workflowdefinition.json#","contentVersion":"1.0.0.0","parameters":{"$connections":{"defaultValue":{},"type":"Object"},"$authentication":{"defaultValue":{},"type":"SecureObject"}},"triggers":{"When_an_email_is_flagged_(V3)":{"splitOn":"@triggerOutputs()?['body/value']","metadata":{"operationMetadataId":"c11f1ade-90b2-46ac-b70e-64af4b9e0c96"},"type":"OpenApiConnectionNotification","inputs":{"host":{"apiId":"/providers/Microsoft.PowerApps/apis/shared_office365","connectionName":"shared_office365","operationId":"OnFlaggedEmailV3"},"parameters":{"folderPath":"Inbox","includeAttachments":false,"subjectFilter":"Baozi Order","importance":"Any","fetchOnlyWithAttachment":false},"authentication":"@parameters('$authentication')"}}},"actions":{"Add_a_row_into_a_table_2":{"runAfter":{"Html_to_text":["Succeeded"]},"metadata":{"01HXZACC75SH3T6236BNGIMOTHAAWBE55K":"/Baozi Order.xlsx","operationMetadataId":"c3c26880-2175-4a2d-83fe-55de460b95ee","tableId":"{7851AC3D-BCC9-4CA8-B58A-34208C827BA8}"},"type":"OpenApiConnection","inputs":{"host":{"apiId":"/providers/Microsoft.PowerApps/apis/shared_excelonlinebusiness","connectionName":"shared_excelonlinebusiness","operationId":"AddRowV2"},"parameters":{"source":"me","drive":"b!ShyXk3pak0KqtC6rDKnw5RCrjs8csldFo6lqZvBDcNFseCWNh6ZcT6cl5RQutJVk","file":"01HXZACC75SH3T6236BNGIMOTHAAWBE55K","table":"{7851AC3D-BCC9-4CA8-B58A-34208C827BA8}","item/Customer Email":"@triggerOutputs()?['body/from']","item/Received Time":"@triggerOutputs()?['body/receivedDateTime']","item/Baozi Type":"@first(skip(split(first(split(body('Html_to_text'),'Quantity')),': '),1))","item/Quantity":"@first(skip(split(first(split(body('Html_to_text'),'Delivery Method')),'Quantity: '),1))","item/Delivery Method":"@first(skip(split(body('Html_to_text'),'Delivery Method: '),1))"},"authentication":"@parameters('$authentication')"}},"Html_to_text":{"runAfter":{},"metadata":{"operationMetadataId":"edd8913d-864f-4835-abcd-d5ec4d3f4a32"},"type":"OpenApiConnection","inputs":{"host":{"apiId":"/providers/Microsoft.PowerApps/apis/shared_conversionservice","connectionName":"shared_conversionservice","operationId":"HtmlToText"},"parameters":{"Content":"<p>@{triggerOutputs()?['body/body']}</p>"},"authentication":"@parameters('$authentication')"}}}},"connectionReferences":{"shared_excelonlinebusiness":{"connectionName":"89ee91e62e634ecebc6c504794a21b1d","source":"Embedded","id":"/providers/Microsoft.PowerApps/apis/shared_excelonlinebusiness","tier":"NotSpecified"},"shared_office365":{"connectionName":"c15b1641e9d54b5cbf181d17351b0b7b","source":"Embedded","id":"/providers/Microsoft.PowerApps/apis/shared_office365","tier":"NotSpecified"},"shared_conversionservice":{"connectionName":"shared-conversionser-f9b0aa83-a9bf-4098-b2ee-849b08d6380c","source":"Embedded","id":"/providers/Microsoft.PowerApps/apis/shared_conversionservice","tier":"NotSpecified"}},"flowFailureAlertSubscribed":false,"isManaged":false}}